{"cameraMode":{"drawMode":0,"name":"Shaded","section":"Shading Mode"},"sceneLighting":true,"audioPlay":false,"sceneViewState":{"m_AlwaysRefresh":false,"showFog":true,"showSkybox":true,"showFlares":true,"showImageEffects":true,"showParticleSystems":true,"showVisualEffectGraphs":true,"m_FxEnabled":true},"in2DMode":false,"pivot":{"x":1.6143057346343995,"y":-1.926286220550537,"z":19.375057220458986},"rotation":{"x":0.255050927400589,"y":0.026685884222388269,"z":-0.007041944190859795,"w":0.9665365815162659},"size":30.007442474365236,"orthographic":false}