{"cameraMode":{"drawMode":0,"name":"Shaded","section":"Shading Mode"},"sceneLighting":true,"audioPlay":false,"sceneViewState":{"m_AlwaysRefresh":false,"showFog":true,"showSkybox":true,"showFlares":true,"showImageEffects":true,"showParticleSystems":true,"showVisualEffectGraphs":true,"m_FxEnabled":true},"in2DMode":false,"pivot":{"x":116.94825744628906,"y":-34.523719787597659,"z":114.72296905517578},"rotation":{"x":0.13141462206840516,"y":0.43692177534103396,"z":-0.06468232721090317,"w":0.8874909281730652},"size":97.3744125366211,"orthographic":false}