{"cameraMode":{"drawMode":0,"name":"Shaded","section":"Shading Mode"},"sceneLighting":true,"audioPlay":false,"sceneViewState":{"m_AlwaysRefresh":false,"showFog":true,"showSkybox":true,"showFlares":true,"showImageEffects":true,"showParticleSystems":true,"showVisualEffectGraphs":true,"m_FxEnabled":true},"in2DMode":false,"pivot":{"x":-11.108393669128418,"y":-14.214461326599121,"z":-41.459014892578128},"rotation":{"x":0.029884008690714837,"y":-0.9680764079093933,"z":0.2048216015100479,"w":0.14126627147197724},"size":28.50817108154297,"orthographic":false}